OrganizationIdentifier,OrganizationFormalName,ActivityIdentifier,ActivityStartDate,ActivityStartTime/Time,ActivityStartTime/TimeZoneCode,MonitoringLocationIdentifier,ResultIdentifier,DataLoggerLine,ResultDetectionConditionText,MethodSpecificationName,CharacteristicName,ResultSampleFractionText,ResultMeasureValue,ResultMeasure/MeasureUnitCode,MeasureQualifierCode,ResultStatusIdentifier,StatisticalBaseCode,ResultValueTypeName,ResultWeightBasisText,ResultTimeBasisText,ResultTemperatureBasisText,ResultParticleSizeBasisText,PrecisionValue,DataQuality/BiasValue,ConfidenceIntervalValue,UpperConfidenceLimitValue,LowerConfidenceLimitValue,ResultCommentText,USGSPCode,ResultDepthHeightMeasure/MeasureValue,ResultDepthHeightMeasure/MeasureUnitCode,ResultDepthAltitudeReferencePointText,ResultSamplingPointName,BiologicalIntentName,BiologicalIndividualIdentifier,SubjectTaxonomicName,UnidentifiedSpeciesIdentifier,SampleTissueAnatomyName,GroupSummaryCountWeight/MeasureValue,GroupSummaryCountWeight/MeasureUnitCode,CellFormName,CellShapeName,HabitName,VoltismName,TaxonomicPollutionTolerance,TaxonomicPollutionToleranceScaleText,TrophicLevelName,FunctionalFeedingGroupName,TaxonomicDetailsCitation/ResourceTitleName,TaxonomicDetailsCitation/ResourceCreatorName,TaxonomicDetailsCitation/ResourceSubjectText,TaxonomicDetailsCitation/ResourcePublisherName,TaxonomicDetailsCitation/ResourceDate,TaxonomicDetailsCitation/ResourceIdentifier,FrequencyClassInformationUrl,ResultAnalyticalMethod/MethodIdentifier,ResultAnalyticalMethod/MethodIdentifierContext,ResultAnalyticalMethod/MethodName,ResultAnalyticalMethod/MethodUrl,ResultAnalyticalMethod/MethodQualifierTypeName,MethodDescriptionText,LaboratoryName,AnalysisStartDate,AnalysisStartTime/Time,AnalysisStartTime/TimeZoneCode,AnalysisEndDate,AnalysisEndTime/Time,AnalysisEndTime/TimeZoneCode,ResultLaboratoryCommentCode,ResultLaboratoryCommentText,ResultDetectionQuantitationLimitUrl,LaboratoryAccreditationIndicator,LaboratoryAccreditationAuthorityName,TaxonomistAccreditationIndicator,TaxonomistAccreditationAuthorityName,LabSamplePreparationUrl,ProviderName
USGS-PA,USGS Pennsylvania Water Science Center,nwispa.01.01401180,2014-07-17,12:40:00,EDT,USGS-410740077111001,NWIS-58438742,,,,Chloride,Total,17,mg/l,,Accepted,,Actual,,,,,,,,,,"""Analyzed by Seewald Labs, Inc""",99220,,,,,,,,,,,,,,,,,,,,,,,,,,,,,,,,,"Seewald Laboratories, Williamsport, Pennsylvania",,,,,,,,,,,,,,,NWIS
USGS-PA,USGS Pennsylvania Water Science Center,nwispa.01.01401180,2014-07-17,12:40:00,EDT,USGS-410740077111001,NWIS-61752956,,,,Chloride,Dissolved,12.8,mg/l,,Accepted,,Actual,,,,,,,,,,,00940,,,,,,,,,,,,,,,,,,,,,,,,,,,IC022,USGS,"Anions, wf, IC",https://www.nemi.gov/methods/method_summary/5536/,,"Standard Methods (22d ed), 2012, p 4-5 - 4-7","USGS-National Water Quality Lab, Denver, CO",2014-08-07,,,,,,,,https://www.waterqualitydata.us/data/activities/nwispa.01.01401180/results/NWIS-61752956/resdetectqntlmts,,,,,,NWIS
USGS-PA,USGS Pennsylvania Water Science Center,nwispa.01.01401391,2014-08-12,08:45:00,EDT,USGS-410741077031801,NWIS-57580606,,,,Chloride,Dissolved,6.74,mg/l,,Accepted,,Actual,,,,,,,,,,,00940,,,,,,,,,,,,,,,,,,,,,,,,,,,IC022,USGS,"Anions, wf, IC",https://www.nemi.gov/methods/method_summary/5536/,,"Standard Methods (22d ed), 2012, p 4-5 - 4-7","USGS-National Water Quality Lab, Denver, CO",2014-08-23,,,,,,,,https://www.waterqualitydata.us/data/activities/nwispa.01.01401391/results/NWIS-57580606/resdetectqntlmts,,,,,,NWIS
USGS-PA,USGS Pennsylvania Water Science Center,nwispa.01.01401391,2014-08-12,08:45:00,EDT,USGS-410741077031801,NWIS-58706428,,,,Chloride,Total,7.6,mg/l,,Accepted,,Actual,,,,,,,,,,"""Analyzed by Seewald Labs, Inc""",99220,,,,,,,,,,,,,,,,,,,,,,,,,,,,,,,,,"Seewald Laboratories, Williamsport, Pennsylvania",,,,,,,,,,,,,,,NWIS
USGS-PA,USGS Pennsylvania Water Science Center,nwispa.01.01401396,2014-08-13,11:45:00,EDT,USGS-410744077015101,NWIS-57226420,,,,Chloride,Dissolved,11.7,mg/l,,Accepted,,Actual,,,,,,,,,,,00940,,,,,,,,,,,,,,,,,,,,,,,,,,,IC022,USGS,"Anions, wf, IC",https://www.nemi.gov/methods/method_summary/5536/,,"Standard Methods (22d ed), 2012, p 4-5 - 4-7","USGS-National Water Quality Lab, Denver, CO",2014-09-17,,,,,,,,https://www.waterqualitydata.us/data/activities/nwispa.01.01401396/results/NWIS-57226420/resdetectqntlmts,,,,,,NWIS
USGS-PA,USGS Pennsylvania Water Science Center,nwispa.01.01401396,2014-08-13,11:45:00,EDT,USGS-410744077015101,NWIS-58364058,,,,Chloride,Total,12,mg/l,,Accepted,,Actual,,,,,,,,,,"""Analyzed by Seewald Labs, Inc""",99220,,,,,,,,,,,,,,,,,,,,,,,,,,,,,,,,,"Seewald Laboratories, Williamsport, Pennsylvania",,,,,,,,,,,,,,,NWIS
USGS-PA,USGS Pennsylvania Water Science Center,nwispa.01.01400838,2014-06-12,15:15:00,EDT,USGS-410910077095101,NWIS-56558483,,,,Chloride,Dissolved,19.8,mg/l,,Accepted,,Actual,,,,,,,,,,,00940,,,,,,,,,,,,,,,,,,,,,,,,,,,IC022,USGS,"Anions, wf, IC",https://www.nemi.gov/methods/method_summary/5536/,,"Standard Methods (22d ed), 2012, p 4-5 - 4-7","USGS-National Water Quality Lab, Denver, CO",2014-06-21,,,,,,,,https://www.waterqualitydata.us/data/activities/nwispa.01.01400838/results/NWIS-56558483/resdetectqntlmts,,,,,,NWIS
USGS-PA,USGS Pennsylvania Water Science Center,nwispa.01.01400838,2014-06-12,15:15:00,EDT,USGS-410910077095101,NWIS-58693824,,,,Chloride,Total,21,mg/l,,Accepted,,Actual,,,,,,,,,,"""Analyzed by Seewald Labs, Inc""",99220,,,,,,,,,,,,,,,,,,,,,,,,,,,,,,,,,"Seewald Laboratories, Williamsport, Pennsylvania",,,,,,,,,,,,,,,NWIS
USGS-PA,USGS Pennsylvania Water Science Center,nwispa.01.01401455,2014-08-26,08:45:00,EDT,USGS-411044076520101,NWIS-58707053,,,,Chloride,Total,3.2,mg/l,,Accepted,,Actual,,,,,,,,,,"""Analyzed by Seewald Labs, Inc""",99220,,,,,,,,,,,,,,,,,,,,,,,,,,,,,,,,,"Seewald Laboratories, Williamsport, Pennsylvania",,,,,,,,,,,,,,,NWIS
USGS-PA,USGS Pennsylvania Water Science Center,nwispa.01.01401455,2014-08-26,08:45:00,EDT,USGS-411044076520101,NWIS-59453409,,,,Chloride,Dissolved,2.89,mg/l,,Accepted,,Actual,,,,,,,,,,,00940,,,,,,,,,,,,,,,,,,,,,,,,,,,IC022,USGS,"Anions, wf, IC",https://www.nemi.gov/methods/method_summary/5536/,,"Standard Methods (22d ed), 2012, p 4-5 - 4-7","USGS-National Water Quality Lab, Denver, CO",2014-11-07,,,,,,,,https://www.waterqualitydata.us/data/activities/nwispa.01.01401455/results/NWIS-59453409/resdetectqntlmts,,,,,,NWIS
USGS-PA,USGS Pennsylvania Water Science Center,nwispa.01.01401058,2014-06-24,14:45:00,EDT,USGS-411045077060801,NWIS-55117861,,,,Chloride,Dissolved,5.05,mg/l,,Accepted,,Actual,,,,,,,,,,,00940,,,,,,,,,,,,,,,,,,,,,,,,,,,IC022,USGS,"Anions, wf, IC",https://www.nemi.gov/methods/method_summary/5536/,,"Standard Methods (22d ed), 2012, p 4-5 - 4-7","USGS-National Water Quality Lab, Denver, CO",2014-07-09,,,,,,,,https://www.waterqualitydata.us/data/activities/nwispa.01.01401058/results/NWIS-55117861/resdetectqntlmts,,,,,,NWIS
USGS-PA,USGS Pennsylvania Water Science Center,nwispa.01.01401058,2014-06-24,14:45:00,EDT,USGS-411045077060801,NWIS-58434421,,,,Chloride,Total,5.7,mg/l,,Accepted,,Actual,,,,,,,,,,"""Analyzed by Seewald Labs, Inc""",99220,,,,,,,,,,,,,,,,,,,,,,,,,,,,,,,,,"Seewald Laboratories, Williamsport, Pennsylvania",,,,,,,,,,,,,,,NWIS
USGS-PA,USGS Pennsylvania Water Science Center,nwispa.01.01401056,2014-06-24,10:00:00,EDT,USGS-411049076392001,NWIS-55117207,,,,Chloride,Dissolved,5.18,mg/l,,Accepted,,Actual,,,,,,,,,,,00940,,,,,,,,,,,,,,,,,,,,,,,,,,,IC022,USGS,"Anions, wf, IC",https://www.nemi.gov/methods/method_summary/5536/,,"Standard Methods (22d ed), 2012, p 4-5 - 4-7","USGS-National Water Quality Lab, Denver, CO",2014-07-09,,,,,,,,https://www.waterqualitydata.us/data/activities/nwispa.01.01401056/results/NWIS-55117207/resdetectqntlmts,,,,,,NWIS
USGS-PA,USGS Pennsylvania Water Science Center,nwispa.01.01401056,2014-06-24,10:00:00,EDT,USGS-411049076392001,NWIS-58435771,,,,Chloride,Total,5.8,mg/l,,Accepted,,Actual,,,,,,,,,,"""Analyzed by Seewald Labs, Inc""",99220,,,,,,,,,,,,,,,,,,,,,,,,,,,,,,,,,"Seewald Laboratories, Williamsport, Pennsylvania",,,,,,,,,,,,,,,NWIS
USGS-PA,USGS Pennsylvania Water Science Center,nwispa.01.01401270,2014-07-30,13:30:00,EDT,USGS-411117076333301,NWIS-56783425,,,,Chloride,Dissolved,1.99,mg/l,,Accepted,,Actual,,,,,,,,,,,00940,,,,,,,,,,,,,,,,,,,,,,,,,,,IC022,USGS,"Anions, wf, IC",https://www.nemi.gov/methods/method_summary/5536/,,"Standard Methods (22d ed), 2012, p 4-5 - 4-7","USGS-National Water Quality Lab, Denver, CO",2014-08-14,,,,,,,,https://www.waterqualitydata.us/data/activities/nwispa.01.01401270/results/NWIS-56783425/resdetectqntlmts,,,,,,NWIS
USGS-PA,USGS Pennsylvania Water Science Center,nwispa.01.01401270,2014-07-30,13:30:00,EDT,USGS-411117076333301,NWIS-58439253,,,,Chloride,Total,2.2,mg/l,,Accepted,,Actual,,,,,,,,,,"""Analyzed by Seewald Labs, Inc""",99220,,,,,,,,,,,,,,,,,,,,,,,,,,,,,,,,,"Seewald Laboratories, Williamsport, Pennsylvania",,,,,,,,,,,,,,,NWIS
USGS-PA,USGS Pennsylvania Water Science Center,nwispa.01.01401061,2014-06-25,13:15:00,EDT,USGS-411208076453101,NWIS-56111181,,,,Chloride,Dissolved,1.71,mg/l,,Accepted,,Actual,,,,,,,,,,,00940,,,,,,,,,,,,,,,,,,,,,,,,,,,IC022,USGS,"Anions, wf, IC",https://www.nemi.gov/methods/method_summary/5536/,,"Standard Methods (22d ed), 2012, p 4-5 - 4-7","USGS-National Water Quality Lab, Denver, CO",2014-07-09,,,,,,,,https://www.waterqualitydata.us/data/activities/nwispa.01.01401061/results/NWIS-56111181/resdetectqntlmts,,,,,,NWIS
USGS-PA,USGS Pennsylvania Water Science Center,nwispa.01.01401061,2014-06-25,13:15:00,EDT,USGS-411208076453101,NWIS-58434858,,,,Chloride,Total,1.9,mg/l,,Accepted,,Actual,,,,,,,,,,"""Analyzed by Seewald Labs, Inc""",99220,,,,,,,,,,,,,,,,,,,,,,,,,,,,,,,,,"Seewald Laboratories, Williamsport, Pennsylvania",,,,,,,,,,,,,,,NWIS
USGS-PA,USGS Pennsylvania Water Science Center,nwispa.01.01400835,2014-06-12,09:50:00,EDT,USGS-411223077113901,NWIS-55116995,,,,Chloride,Dissolved,4.27,mg/l,,Accepted,,Actual,,,,,,,,,,,00940,,,,,,,,,,,,,,,,,,,,,,,,,,,IC022,USGS,"Anions, wf, IC",https://www.nemi.gov/methods/method_summary/5536/,,"Standard Methods (22d ed), 2012, p 4-5 - 4-7","USGS-National Water Quality Lab, Denver, CO",2014-06-24,,,,,,,,https://www.waterqualitydata.us/data/activities/nwispa.01.01400835/results/NWIS-55116995/resdetectqntlmts,,,,,,NWIS
USGS-PA,USGS Pennsylvania Water Science Center,nwispa.01.01400835,2014-06-12,09:50:00,EDT,USGS-411223077113901,NWIS-58444513,,,,Chloride,Total,4.6,mg/l,,Accepted,,Actual,,,,,,,,,,"""Analyzed by Seewald Labs, Inc""",99220,,,,,,,,,,,,,,,,,,,,,,,,,,,,,,,,,"Seewald Laboratories, Williamsport, Pennsylvania",,,,,,,,,,,,,,,NWIS
USGS-PA,USGS Pennsylvania Water Science Center,nwispa.01.01400832,2014-06-10,11:30:00,EDT,USGS-411229076432301,NWIS-58367963,,,,Chloride,Total,3.6,mg/l,,Accepted,,Actual,,,,,,,,,,"""Analyzed by Seewald Labs, Inc""",99220,,,,,,,,,,,,,,,,,,,,,,,,,,,,,,,,,"Seewald Laboratories, Williamsport, Pennsylvania",,,,,,,,,,,,,,,NWIS
USGS-PA,USGS Pennsylvania Water Science Center,nwispa.01.01400832,2014-06-10,11:30:00,EDT,USGS-411229076432301,NWIS-64329547,,,,Chloride,Dissolved,3.35,mg/l,,Accepted,,Actual,,,,,,,,,,,00940,,,,,,,,,,,,,,,,,,,,,,,,,,,IC022,USGS,"Anions, wf, IC",https://www.nemi.gov/methods/method_summary/5536/,,"Standard Methods (22d ed), 2012, p 4-5 - 4-7","USGS-National Water Quality Lab, Denver, CO",2014-06-17,,,,,,,,https://www.waterqualitydata.us/data/activities/nwispa.01.01400832/results/NWIS-64329547/resdetectqntlmts,,,,,,NWIS
USGS-PA,USGS Pennsylvania Water Science Center,nwispa.01.01401387,2014-08-11,09:00:00,EDT,USGS-411243077071301,NWIS-57354279,,,,Chloride,Dissolved,3.27,mg/l,,Accepted,,Actual,,,,,,,,,,,00940,,,,,,,,,,,,,,,,,,,,,,,,,,,IC022,USGS,"Anions, wf, IC",https://www.nemi.gov/methods/method_summary/5536/,,"Standard Methods (22d ed), 2012, p 4-5 - 4-7","USGS-National Water Quality Lab, Denver, CO",2014-08-27,,,,,,,,https://www.waterqualitydata.us/data/activities/nwispa.01.01401387/results/NWIS-57354279/resdetectqntlmts,,,,,,NWIS
USGS-PA,USGS Pennsylvania Water Science Center,nwispa.01.01401387,2014-08-11,09:00:00,EDT,USGS-411243077071301,NWIS-58457285,,,,Chloride,Total,3.8,mg/l,,Accepted,,Actual,,,,,,,,,,"""Analyzed by Seewald Labs, Inc""",99220,,,,,,,,,,,,,,,,,,,,,,,,,,,,,,,,,"Seewald Laboratories, Williamsport, Pennsylvania",,,,,,,,,,,,,,,NWIS
USGS-PA,USGS Pennsylvania Water Science Center,nwispa.01.01401065,2014-06-26,13:15:00,EDT,USGS-411254077052201,NWIS-55024234,,,,Chloride,Dissolved,0.50,mg/l,,Accepted,,Actual,,,,,,,,,,,00940,,,,,,,,,,,,,,,,,,,,,,,,,,,IC022,USGS,"Anions, wf, IC",https://www.nemi.gov/methods/method_summary/5536/,,"Standard Methods (22d ed), 2012, p 4-5 - 4-7","USGS-National Water Quality Lab, Denver, CO",2014-07-11,,,,,,,,https://www.waterqualitydata.us/data/activities/nwispa.01.01401065/results/NWIS-55024234/resdetectqntlmts,,,,,,NWIS
USGS-PA,USGS Pennsylvania Water Science Center,nwispa.01.01401065,2014-06-26,13:15:00,EDT,USGS-411254077052201,NWIS-58375725,,Not Detected,,Chloride,Total,,,,Accepted,,Actual,,,,,,,,,,"""Analyzed by Seewald Labs, Inc""",99220,,,,,,,,,,,,,,,,,,,,,,,,,,,,,,,,,"Seewald Laboratories, Williamsport, Pennsylvania",,,,,,,,,https://www.waterqualitydata.us/data/activities/nwispa.01.01401065/results/NWIS-58375725/resdetectqntlmts,,,,,,NWIS
USGS-PA,USGS Pennsylvania Water Science Center,nwispa.01.01401393,2014-08-12,12:45:00,EDT,USGS-411304076403801,NWIS-57026526,,,,Chloride,Dissolved,1.85,mg/l,,Accepted,,Actual,,,,,,,,,,,00940,,,,,,,,,,,,,,,,,,,,,,,,,,,IC022,USGS,"Anions, wf, IC",https://www.nemi.gov/methods/method_summary/5536/,,"Standard Methods (22d ed), 2012, p 4-5 - 4-7","USGS-National Water Quality Lab, Denver, CO",2014-08-23,,,,,,,,https://www.waterqualitydata.us/data/activities/nwispa.01.01401393/results/NWIS-57026526/resdetectqntlmts,,,,,,NWIS
USGS-PA,USGS Pennsylvania Water Science Center,nwispa.01.01401393,2014-08-12,12:45:00,EDT,USGS-411304076403801,NWIS-58363870,,,,Chloride,Total,2.2,mg/l,,Accepted,,Actual,,,,,,,,,,"""Analyzed by Seewald Labs, Inc""",99220,,,,,,,,,,,,,,,,,,,,,,,,,,,,,,,,,"Seewald Laboratories, Williamsport, Pennsylvania",,,,,,,,,,,,,,,NWIS
USGS-PA,USGS Pennsylvania Water Science Center,nwispa.01.01401456,2014-08-26,09:00:00,EDT,USGS-411313077015701,NWIS-58728709,,,,Chloride,Total,6.8,mg/l,,Accepted,,Actual,,,,,,,,,,"""Analyzed by Seewald Labs, Inc""",99220,,,,,,,,,,,,,,,,,,,,,,,,,,,,,,,,,"Seewald Laboratories, Williamsport, Pennsylvania",,,,,,,,,,,,,,,NWIS
USGS-PA,USGS Pennsylvania Water Science Center,nwispa.01.01401456,2014-08-26,09:00:00,EDT,USGS-411313077015701,NWIS-59453567,,,,Chloride,Dissolved,6.16,mg/l,,Accepted,,Actual,,,,,,,,,,,00940,,,,,,,,,,,,,,,,,,,,,,,,,,,IC022,USGS,"Anions, wf, IC",https://www.nemi.gov/methods/method_summary/5536/,,"Standard Methods (22d ed), 2012, p 4-5 - 4-7","USGS-National Water Quality Lab, Denver, CO",2014-11-07,,,,,,,,https://www.waterqualitydata.us/data/activities/nwispa.01.01401456/results/NWIS-59453567/resdetectqntlmts,,,,,,NWIS
USGS-PA,USGS Pennsylvania Water Science Center,nwispa.01.01401400,2014-08-14,12:10:00,EDT,USGS-411313077120601,NWIS-57585588,,,,Chloride,Dissolved,2.63,mg/l,,Accepted,,Actual,,,,,,,,,,,00940,,,,,,,,,,,,,,,,,,,,,,,,,,,IC022,USGS,"Anions, wf, IC",https://www.nemi.gov/methods/method_summary/5536/,,"Standard Methods (22d ed), 2012, p 4-5 - 4-7","USGS-National Water Quality Lab, Denver, CO",2014-09-03,,,,,,,,https://www.waterqualitydata.us/data/activities/nwispa.01.01401400/results/NWIS-57585588/resdetectqntlmts,,,,,,NWIS
USGS-PA,USGS Pennsylvania Water Science Center,nwispa.01.01401400,2014-08-14,12:10:00,EDT,USGS-411313077120601,NWIS-58706944,,,,Chloride,Total,2.8,mg/l,,Accepted,,Actual,,,,,,,,,,"""Analyzed by Seewald Labs, Inc""",99220,,,,,,,,,,,,,,,,,,,,,,,,,,,,,,,,,"Seewald Laboratories, Williamsport, Pennsylvania",,,,,,,,,,,,,,,NWIS
USGS-PA,USGS Pennsylvania Water Science Center,nwispa.01.01401272,2014-07-31,11:45:00,EDT,USGS-411326076335401,NWIS-57125669,,,,Chloride,Dissolved,36.8,mg/l,,Accepted,,Actual,,,,,,,,,,,00940,,,,,,,,,,,,,,,,,,,,,,,,,,,IC022,USGS,"Anions, wf, IC",https://www.nemi.gov/methods/method_summary/5536/,,"Standard Methods (22d ed), 2012, p 4-5 - 4-7","USGS-National Water Quality Lab, Denver, CO",2014-08-12,,,,,,,,https://www.waterqualitydata.us/data/activities/nwispa.01.01401272/results/NWIS-57125669/resdetectqntlmts,,,,,,NWIS
USGS-PA,USGS Pennsylvania Water Science Center,nwispa.01.01401272,2014-07-31,11:45:00,EDT,USGS-411326076335401,NWIS-58439419,,,,Chloride,Total,40,mg/l,,Accepted,,Actual,,,,,,,,,,"""Analyzed by Seewald Labs, Inc""",99220,,,,,,,,,,,,,,,,,,,,,,,,,,,,,,,,,"Seewald Laboratories, Williamsport, Pennsylvania",,,,,,,,,,,,,,,NWIS
USGS-PA,USGS Pennsylvania Water Science Center,nwispa.01.01401268,2014-07-30,08:20:00,EDT,USGS-411340077093101,NWIS-56781102,,,,Chloride,Dissolved,0.98,mg/l,,Accepted,,Actual,,,,,,,,,,,00940,,,,,,,,,,,,,,,,,,,,,,,,,,,IC022,USGS,"Anions, wf, IC",https://www.nemi.gov/methods/method_summary/5536/,,"Standard Methods (22d ed), 2012, p 4-5 - 4-7","USGS-National Water Quality Lab, Denver, CO",2014-08-14,,,,,,,,https://www.waterqualitydata.us/data/activities/nwispa.01.01401268/results/NWIS-56781102/resdetectqntlmts,,,,,,NWIS
USGS-PA,USGS Pennsylvania Water Science Center,nwispa.01.01401268,2014-07-30,08:20:00,EDT,USGS-411340077093101,NWIS-58441988,,,,Chloride,Total,1.1,mg/l,,Accepted,,Actual,,,,,,,,,,"""Analyzed by Seewald Labs, Inc""",99220,,,,,,,,,,,,,,,,,,,,,,,,,,,,,,,,,"Seewald Laboratories, Williamsport, Pennsylvania",,,,,,,,,,,,,,,NWIS
USGS-PA,USGS Pennsylvania Water Science Center,nwispa.01.01401269,2014-07-30,10:00:00,EDT,USGS-411351076560401,NWIS-57049224,,,,Chloride,Dissolved,11.7,mg/l,,Accepted,,Actual,,,,,,,,,,,00940,,,,,,,,,,,,,,,,,,,,,,,,,,,IC022,USGS,"Anions, wf, IC",https://www.nemi.gov/methods/method_summary/5536/,,"Standard Methods (22d ed), 2012, p 4-5 - 4-7","USGS-National Water Quality Lab, Denver, CO",2014-08-09,,,,,,,,https://www.waterqualitydata.us/data/activities/nwispa.01.01401269/results/NWIS-57049224/resdetectqntlmts,,,,,,NWIS
USGS-PA,USGS Pennsylvania Water Science Center,nwispa.01.01401269,2014-07-30,10:00:00,EDT,USGS-411351076560401,NWIS-58706023,,,,Chloride,Total,13,mg/l,,Accepted,,Actual,,,,,,,,,,"""Analyzed by Seewald Labs, Inc""",99220,,,,,,,,,,,,,,,,,,,,,,,,,,,,,,,,,"Seewald Laboratories, Williamsport, Pennsylvania",,,,,,,,,,,,,,,NWIS
USGS-PA,USGS Pennsylvania Water Science Center,nwispa.01.01401523,2014-08-28,09:50:00,EDT,USGS-411406077155601,NWIS-58456872,,,,Chloride,Total,7.0,mg/l,,Accepted,,Actual,,,,,,,,,,"""Analyzed by Seewald Labs, Inc""",99220,,,,,,,,,,,,,,,,,,,,,,,,,,,,,,,,,"Seewald Laboratories, Williamsport, Pennsylvania",,,,,,,,,,,,,,,NWIS
USGS-PA,USGS Pennsylvania Water Science Center,nwispa.01.01401523,2014-08-28,09:50:00,EDT,USGS-411406077155601,NWIS-59221960,,,,Chloride,Dissolved,6.35,mg/l,,Accepted,,Actual,,,,,,,,,,,00940,,,,,,,,,,,,,,,,,,,,,,,,,,,IC022,USGS,"Anions, wf, IC",https://www.nemi.gov/methods/method_summary/5536/,,"Standard Methods (22d ed), 2012, p 4-5 - 4-7","USGS-National Water Quality Lab, Denver, CO",2014-11-29,,,,,,,,https://www.waterqualitydata.us/data/activities/nwispa.01.01401523/results/NWIS-59221960/resdetectqntlmts,,,,,,NWIS
USGS-PA,USGS Pennsylvania Water Science Center,nwispa.01.01401057,2014-06-24,14:00:00,EDT,USGS-411419076461301,NWIS-55023871,,,,Chloride,Dissolved,77.1,mg/l,,Accepted,,Actual,,,,,,,,,,,00940,,,,,,,,,,,,,,,,,,,,,,,,,,,IC022,USGS,"Anions, wf, IC",https://www.nemi.gov/methods/method_summary/5536/,,"Standard Methods (22d ed), 2012, p 4-5 - 4-7","USGS-National Water Quality Lab, Denver, CO",2014-07-09,,,,,,,,https://www.waterqualitydata.us/data/activities/nwispa.01.01401057/results/NWIS-55023871/resdetectqntlmts,,,,,,NWIS
USGS-PA,USGS Pennsylvania Water Science Center,nwispa.01.01401057,2014-06-24,14:00:00,EDT,USGS-411419076461301,NWIS-58357902,,,,Chloride,Total,83,mg/l,,Accepted,,Actual,,,,,,,,,,"""Analyzed by Seewald Labs, Inc""",99220,,,,,,,,,,,,,,,,,,,,,,,,,,,,,,,,,"Seewald Laboratories, Williamsport, Pennsylvania",,,,,,,,,,,,,,,NWIS
USGS-PA,USGS Pennsylvania Water Science Center,nwispa.01.01401260,2014-07-28,09:05:00,EDT,USGS-411458076373201,NWIS-56780745,,,,Chloride,Dissolved,0.90,mg/l,,Accepted,,Actual,,,,,,,,,,,00940,,,,,,,,,,,,,,,,,,,,,,,,,,,IC022,USGS,"Anions, wf, IC",https://www.nemi.gov/methods/method_summary/5536/,,"Standard Methods (22d ed), 2012, p 4-5 - 4-7","USGS-National Water Quality Lab, Denver, CO",2014-08-08,,,,,,,,https://www.waterqualitydata.us/data/activities/nwispa.01.01401260/results/NWIS-56780745/resdetectqntlmts,,,,,,NWIS
USGS-PA,USGS Pennsylvania Water Science Center,nwispa.01.01401260,2014-07-28,09:05:00,EDT,USGS-411458076373201,NWIS-58441566,,,,Chloride,Total,6.8,mg/l,,Accepted,,Actual,,,,,,,,,,,99220,,,,,,,,,,,,,,,,,,,,,,,,,,,,,,,,,"Seewald Laboratories, Williamsport, Pennsylvania",,,,,,,,,,,,,,,NWIS
USGS-PA,USGS Pennsylvania Water Science Center,nwispa.01.01401457,2014-08-26,11:45:00,EDT,USGS-411500076425301,NWIS-58445951,,,,Chloride,Total,41,mg/l,,Accepted,,Actual,,,,,,,,,,"""Analyzed by Seewald Labs, Inc""",99220,,,,,,,,,,,,,,,,,,,,,,,,,,,,,,,,,"Seewald Laboratories, Williamsport, Pennsylvania",,,,,,,,,,,,,,,NWIS
USGS-PA,USGS Pennsylvania Water Science Center,nwispa.01.01401457,2014-08-26,11:45:00,EDT,USGS-411500076425301,NWIS-59221821,,,,Chloride,Dissolved,38.8,mg/l,,Accepted,,Actual,,,,,,,,,,,00940,,,,,,,,,,,,,,,,,,,,,,,,,,,IC022,USGS,"Anions, wf, IC",https://www.nemi.gov/methods/method_summary/5536/,,"Standard Methods (22d ed), 2012, p 4-5 - 4-7","USGS-National Water Quality Lab, Denver, CO",2014-11-07,,,,,,,,https://www.waterqualitydata.us/data/activities/nwispa.01.01401457/results/NWIS-59221821/resdetectqntlmts,,,,,,NWIS
USGS-PA,USGS Pennsylvania Water Science Center,nwispa.01.01401172,2014-07-14,12:10:00,EDT,USGS-411526076335001,NWIS-58697043,,,,Chloride,Total,3.1,mg/l,,Accepted,,Actual,,,,,,,,,,"""Analyzed by Seewald Labs, Inc""",99220,,,,,,,,,,,,,,,,,,,,,,,,,,,,,,,,,"Seewald Laboratories, Williamsport, Pennsylvania",,,,,,,,,,,,,,,NWIS
USGS-PA,USGS Pennsylvania Water Science Center,nwispa.01.01401172,2014-07-14,12:10:00,EDT,USGS-411526076335001,NWIS-62014433,,,,Chloride,Dissolved,2.76,mg/l,,Accepted,,Actual,,,,,,,,,,,00940,,,,,,,,,,,,,,,,,,,,,,,,,,,IC022,USGS,"Anions, wf, IC",https://www.nemi.gov/methods/method_summary/5536/,,"Standard Methods (22d ed), 2012, p 4-5 - 4-7","USGS-National Water Quality Lab, Denver, CO",2014-07-23,,,,,,,,https://www.waterqualitydata.us/data/activities/nwispa.01.01401172/results/NWIS-62014433/resdetectqntlmts,,,,,,NWIS
USGS-PA,USGS Pennsylvania Water Science Center,nwispa.01.01401262,2014-07-28,12:10:00,EDT,USGS-411608076414201,NWIS-56671507,,,,Chloride,Dissolved,6.11,mg/l,,Accepted,,Actual,,,,,,,,,,,00940,,,,,,,,,,,,,,,,,,,,,,,,,,,IC022,USGS,"Anions, wf, IC",https://www.nemi.gov/methods/method_summary/5536/,,"Standard Methods (22d ed), 2012, p 4-5 - 4-7","USGS-National Water Quality Lab, Denver, CO",2014-08-08,,,,,,,,https://www.waterqualitydata.us/data/activities/nwispa.01.01401262/results/NWIS-56671507/resdetectqntlmts,,,,,,NWIS
USGS-PA,USGS Pennsylvania Water Science Center,nwispa.01.01401262,2014-07-28,12:10:00,EDT,USGS-411608076414201,NWIS-58376019,,Not Detected,,Chloride,Total,,,,Accepted,,Actual,,,,,,,,,,,99220,,,,,,,,,,,,,,,,,,,,,,,,,,,,,,,,,"Seewald Laboratories, Williamsport, Pennsylvania",,,,,,,,,https://www.waterqualitydata.us/data/activities/nwispa.01.01401262/results/NWIS-58376019/resdetectqntlmts,,,,,,NWIS
USGS-PA,USGS Pennsylvania Water Science Center,nwispa.01.01401179,2014-07-17,09:50:00,EDT,USGS-411609077140901,NWIS-58453897,,,,Chloride,Total,410,mg/l,,Accepted,,Actual,,,,,,,,,,"""Analyzed by Seewald Labs, Inc""",99220,,,,,,,,,,,,,,,,,,,,,,,,,,,,,,,,,"Seewald Laboratories, Williamsport, Pennsylvania",,,,,,,,,,,,,,,NWIS
USGS-PA,USGS Pennsylvania Water Science Center,nwispa.01.01401179,2014-07-17,09:50:00,EDT,USGS-411609077140901,NWIS-59223455,,,,Chloride,Dissolved,398,mg/l,,Accepted,,Actual,,,,,,,,,,,00940,,,,,,,,,,,,,,,,,,,,,,,,,,,IC022,USGS,"Anions, wf, IC",https://www.nemi.gov/methods/method_summary/5536/,,"Standard Methods (22d ed), 2012, p 4-5 - 4-7","USGS-National Water Quality Lab, Denver, CO",2014-08-14,,,,,,,sample was diluted,https://www.waterqualitydata.us/data/activities/nwispa.01.01401179/results/NWIS-59223455/resdetectqntlmts,,,,,,NWIS
USGS-PA,USGS Pennsylvania Water Science Center,nwispa.01.01401066,2014-06-26,14:15:00,EDT,USGS-411616077160901,NWIS-55117501,,,,Chloride,Dissolved,7.18,mg/l,,Accepted,,Actual,,,,,,,,,,,00940,,,,,,,,,,,,,,,,,,,,,,,,,,,IC022,USGS,"Anions, wf, IC",https://www.nemi.gov/methods/method_summary/5536/,,"Standard Methods (22d ed), 2012, p 4-5 - 4-7","USGS-National Water Quality Lab, Denver, CO",2014-07-11,,,,,,,,https://www.waterqualitydata.us/data/activities/nwispa.01.01401066/results/NWIS-55117501/resdetectqntlmts,,,,,,NWIS
USGS-PA,USGS Pennsylvania Water Science Center,nwispa.01.01401066,2014-06-26,14:15:00,EDT,USGS-411616077160901,NWIS-58435936,,,,Chloride,Total,7.9,mg/l,,Accepted,,Actual,,,,,,,,,,"""Analyzed by Seewald Labs, Inc""",99220,,,,,,,,,,,,,,,,,,,,,,,,,,,,,,,,,"Seewald Laboratories, Williamsport, Pennsylvania",,,,,,,,,,,,,,,NWIS
USGS-PA,USGS Pennsylvania Water Science Center,nwispa.01.01401063,2014-06-26,09:30:00,EDT,USGS-411628077005601,NWIS-55024054,,,,Chloride,Dissolved,85.6,mg/l,,Accepted,,Actual,,,,,,,,,,,00940,,,,,,,,,,,,,,,,,,,,,,,,,,,IC022,USGS,"Anions, wf, IC",https://www.nemi.gov/methods/method_summary/5536/,,"Standard Methods (22d ed), 2012, p 4-5 - 4-7","USGS-National Water Quality Lab, Denver, CO",2014-07-11,,,,,,,,https://www.waterqualitydata.us/data/activities/nwispa.01.01401063/results/NWIS-55024054/resdetectqntlmts,,,,,,NWIS
USGS-PA,USGS Pennsylvania Water Science Center,nwispa.01.01401063,2014-06-26,09:30:00,EDT,USGS-411628077005601,NWIS-58358061,,,,Chloride,Total,92,mg/l,,Accepted,,Actual,,,,,,,,,,"""Analyzed by Seewald Labs, Inc""",99220,,,,,,,,,,,,,,,,,,,,,,,,,,,,,,,,,"Seewald Laboratories, Williamsport, Pennsylvania",,,,,,,,,,,,,,,NWIS
USGS-PA,USGS Pennsylvania Water Science Center,nwispa.01.01401522,2014-08-27,12:05:00,EDT,USGS-411643076424201,NWIS-58714131,,,,Chloride,Total,48,mg/l,,Accepted,,Actual,,,,,,,,,,"""Analyzed by Seewald Labs, Inc""",99220,,,,,,,,,,,,,,,,,,,,,,,,,,,,,,,,,"Seewald Laboratories, Williamsport, Pennsylvania",,,,,,,,,,,,,,,NWIS
USGS-PA,USGS Pennsylvania Water Science Center,nwispa.01.01401522,2014-08-27,12:05:00,EDT,USGS-411643076424201,NWIS-58809408,,,,Chloride,Dissolved,44.6,mg/l,,Accepted,,Actual,,,,,,,,,,,00940,,,,,,,,,,,,,,,,,,,,,,,,,,,IC022,USGS,"Anions, wf, IC",https://www.nemi.gov/methods/method_summary/5536/,,"Standard Methods (22d ed), 2012, p 4-5 - 4-7","USGS-National Water Quality Lab, Denver, CO",2014-10-29,,,,,,,,https://www.waterqualitydata.us/data/activities/nwispa.01.01401522/results/NWIS-58809408/resdetectqntlmts,,,,,,NWIS
USGS-PA,USGS Pennsylvania Water Science Center,nwispa.01.01401075,2014-07-02,09:30:00,EDT,USGS-411643077045101,NWIS-55853704,,,,Chloride,Dissolved,9.07,mg/l,,Accepted,,Actual,,,,,,,,,,,00940,,,,,,,,,,,,,,,,,,,,,,,,,,,IC022,USGS,"Anions, wf, IC",https://www.nemi.gov/methods/method_summary/5536/,,"Standard Methods (22d ed), 2012, p 4-5 - 4-7","USGS-National Water Quality Lab, Denver, CO",2014-07-15,,,,,,,,https://www.waterqualitydata.us/data/activities/nwispa.01.01401075/results/NWIS-55853704/resdetectqntlmts,,,,,,NWIS
USGS-PA,USGS Pennsylvania Water Science Center,nwispa.01.01401075,2014-07-02,09:30:00,EDT,USGS-411643077045101,NWIS-58696683,,,,Chloride,Total,9.8,mg/l,,Accepted,,Actual,,,,,,,,,,"""Analyzed by Seewald Labs, Inc""",99220,,,,,,,,,,,,,,,,,,,,,,,,,,,,,,,,,"Seewald Laboratories, Williamsport, Pennsylvania",,,,,,,,,,,,,,,NWIS
USGS-PA,USGS Pennsylvania Water Science Center,nwispa.01.01401064,2014-06-26,10:30:00,EDT,USGS-411700077193301,NWIS-55118341,,,,Chloride,Dissolved,12.8,mg/l,,Accepted,,Actual,,,,,,,,,,,00940,,,,,,,,,,,,,,,,,,,,,,,,,,,IC022,USGS,"Anions, wf, IC",https://www.nemi.gov/methods/method_summary/5536/,,"Standard Methods (22d ed), 2012, p 4-5 - 4-7","USGS-National Water Quality Lab, Denver, CO",2014-07-11,,,,,,,,https://www.waterqualitydata.us/data/activities/nwispa.01.01401064/results/NWIS-55118341/resdetectqntlmts,,,,,,NWIS
USGS-PA,USGS Pennsylvania Water Science Center,nwispa.01.01401064,2014-06-26,10:30:00,EDT,USGS-411700077193301,NWIS-58450168,,,,Chloride,Total,14,mg/l,,Accepted,,Actual,,,,,,,,,,"""Analyzed by Seewald Labs, Inc""",99220,,,,,,,,,,,,,,,,,,,,,,,,,,,,,,,,,"Seewald Laboratories, Williamsport, Pennsylvania",,,,,,,,,,,,,,,NWIS
USGS-PA,USGS Pennsylvania Water Science Center,nwispa.01.01401173,2014-07-15,08:50:00,EDT,USGS-411708076381701,NWIS-56558678,,,,Chloride,Dissolved,29.8,mg/l,,Accepted,,Actual,,,,,,,,,,,00940,,,,,,,,,,,,,,,,,,,,,,,,,,,IC022,USGS,"Anions, wf, IC",https://www.nemi.gov/methods/method_summary/5536/,,"Standard Methods (22d ed), 2012, p 4-5 - 4-7","USGS-National Water Quality Lab, Denver, CO",2014-07-23,,,,,,,,https://www.waterqualitydata.us/data/activities/nwispa.01.01401173/results/NWIS-56558678/resdetectqntlmts,,,,,,NWIS
USGS-PA,USGS Pennsylvania Water Science Center,nwispa.01.01401173,2014-07-15,08:50:00,EDT,USGS-411708076381701,NWIS-58697287,,,,Chloride,Total,33,mg/l,,Accepted,,Actual,,,,,,,,,,"""Analyzed by Seewald Labs, Inc""",99220,,,,,,,,,,,,,,,,,,,,,,,,,,,,,,,,,"Seewald Laboratories, Williamsport, Pennsylvania",,,,,,,,,,,,,,,NWIS
USGS-PA,USGS Pennsylvania Water Science Center,nwispa.01.01401071,2014-06-30,11:45:00,EDT,USGS-411710076574701,NWIS-55117706,,,,Chloride,Dissolved,20.0,mg/l,,Accepted,,Actual,,,,,,,,,,,00940,,,,,,,,,,,,,,,,,,,,,,,,,,,IC022,USGS,"Anions, wf, IC",https://www.nemi.gov/methods/method_summary/5536/,,"Standard Methods (22d ed), 2012, p 4-5 - 4-7","USGS-National Water Quality Lab, Denver, CO",2014-07-11,,,,,,,,https://www.waterqualitydata.us/data/activities/nwispa.01.01401071/results/NWIS-55117706/resdetectqntlmts,,,,,,NWIS
USGS-PA,USGS Pennsylvania Water Science Center,nwispa.01.01401071,2014-06-30,11:45:00,EDT,USGS-411710076574701,NWIS-58436035,,,,Chloride,Total,22,mg/l,,Accepted,,Actual,,,,,,,,,,"""Analyzed by Seewald Labs, Inc""",99220,,,,,,,,,,,,,,,,,,,,,,,,,,,,,,,,,"Seewald Laboratories, Williamsport, Pennsylvania",,,,,,,,,,,,,,,NWIS
USGS-PA,USGS Pennsylvania Water Science Center,nwispa.01.01401062,2014-06-25,14:30:00,EDT,USGS-411718076532101,NWIS-55369216,,,,Chloride,Dissolved,77.5,mg/l,,Accepted,,Actual,,,,,,,,,,,00940,,,,,,,,,,,,,,,,,,,,,,,,,,,IC022,USGS,"Anions, wf, IC",https://www.nemi.gov/methods/method_summary/5536/,,"Standard Methods (22d ed), 2012, p 4-5 - 4-7","USGS-National Water Quality Lab, Denver, CO",2014-07-09,,,,,,,,https://www.waterqualitydata.us/data/activities/nwispa.01.01401062/results/NWIS-55369216/resdetectqntlmts,,,,,,NWIS
USGS-PA,USGS Pennsylvania Water Science Center,nwispa.01.01401062,2014-06-25,14:30:00,EDT,USGS-411718076532101,NWIS-58696268,,,,Chloride,Total,83,mg/l,,Accepted,,Actual,,,,,,,,,,"""Analyzed by Seewald Labs, Inc""",99220,,,,,,,,,,,,,,,,,,,,,,,,,,,,,,,,,"Seewald Laboratories, Williamsport, Pennsylvania",,,,,,,,,,,,,,,NWIS
USGS-PA,USGS Pennsylvania Water Science Center,nwispa.01.01401397,2014-08-13,14:15:00,EDT,USGS-411737077092101,NWIS-58161420,,,,Chloride,Dissolved,242,mg/l,,Accepted,,Actual,,,,,,,,,,,00940,,,,,,,,,,,,,,,,,,,,,,,,,,,IC022,USGS,"Anions, wf, IC",https://www.nemi.gov/methods/method_summary/5536/,,"Standard Methods (22d ed), 2012, p 4-5 - 4-7","USGS-National Water Quality Lab, Denver, CO",2014-09-17,,,,,,,sample was diluted,https://www.waterqualitydata.us/data/activities/nwispa.01.01401397/results/NWIS-58161420/resdetectqntlmts,,,,,,NWIS
USGS-PA,USGS Pennsylvania Water Science Center,nwispa.01.01401397,2014-08-13,14:15:00,EDT,USGS-411737077092101,NWIS-58460861,,,,Chloride,Total,230,mg/l,,Accepted,,Actual,,,,,,,,,,"""Analyzed by Seewald Labs, Inc""",99220,,,,,,,,,,,,,,,,,,,,,,,,,,,,,,,,,"Seewald Laboratories, Williamsport, Pennsylvania",,,,,,,,,,,,,,,NWIS
USGS-PA,USGS Pennsylvania Water Science Center,nwispa.01.01401171,2014-07-14,08:45:00,EDT,USGS-411748076353601,NWIS-56382171,,,,Chloride,Dissolved,4.24,mg/l,,Accepted,,Actual,,,,,,,,,,,00940,,,,,,,,,,,,,,,,,,,,,,,,,,,IC022,USGS,"Anions, wf, IC",https://www.nemi.gov/methods/method_summary/5536/,,"Standard Methods (22d ed), 2012, p 4-5 - 4-7","USGS-National Water Quality Lab, Denver, CO",2014-07-23,,,,,,,,https://www.waterqualitydata.us/data/activities/nwispa.01.01401171/results/NWIS-56382171/resdetectqntlmts,,,,,,NWIS
USGS-PA,USGS Pennsylvania Water Science Center,nwispa.01.01401171,2014-07-14,08:45:00,EDT,USGS-411748076353601,NWIS-58696869,,,,Chloride,Total,4.7,mg/l,,Accepted,,Actual,,,,,,,,,,"""Analyzed by Seewald Labs, Inc""",99220,,,,,,,,,,,,,,,,,,,,,,,,,,,,,,,,,"Seewald Laboratories, Williamsport, Pennsylvania",,,,,,,,,,,,,,,NWIS
USGS-PA,USGS Pennsylvania Water Science Center,nwispa.01.01401452,2014-08-25,08:10:00,EDT,USGS-411806077111101,NWIS-57903096,,,,Chloride,Dissolved,2.06,mg/l,,Accepted,,Actual,,,,,,,,,,,00940,,,,,,,,,,,,,,,,,,,,,,,,,,,IC022,USGS,"Anions, wf, IC",https://www.nemi.gov/methods/method_summary/5536/,,"Standard Methods (22d ed), 2012, p 4-5 - 4-7","USGS-National Water Quality Lab, Denver, CO",2014-10-23,,,,,,,,https://www.waterqualitydata.us/data/activities/nwispa.01.01401452/results/NWIS-57903096/resdetectqntlmts,,,,,,NWIS
USGS-PA,USGS Pennsylvania Water Science Center,nwispa.01.01401452,2014-08-25,08:10:00,EDT,USGS-411806077111101,NWIS-58381429,,,,Chloride,Total,2.3,mg/l,,Accepted,,Actual,,,,,,,,,,"""Analyzed by Seewald Labs, Inc""",99220,,,,,,,,,,,,,,,,,,,,,,,,,,,,,,,,,"Seewald Laboratories, Williamsport, Pennsylvania",,,,,,,,,,,,,,,NWIS
USGS-PA,USGS Pennsylvania Water Science Center,nwispa.01.01400836,2014-06-12,14:00:00,EDT,USGS-411808077113101,NWIS-55023599,,,,Chloride,Dissolved,23.7,mg/l,,Accepted,,Actual,,,,,,,,,,,00940,,,,,,,,,,,,,,,,,,,,,,,,,,,IC022,USGS,"Anions, wf, IC",https://www.nemi.gov/methods/method_summary/5536/,,"Standard Methods (22d ed), 2012, p 4-5 - 4-7","USGS-National Water Quality Lab, Denver, CO",2014-06-24,,,,,,,,https://www.waterqualitydata.us/data/activities/nwispa.01.01400836/results/NWIS-55023599/resdetectqntlmts,,,,,,NWIS
USGS-PA,USGS Pennsylvania Water Science Center,nwispa.01.01400836,2014-06-12,14:00:00,EDT,USGS-411808077113101,NWIS-58354981,,,,Chloride,Total,25,mg/l,,Accepted,,Actual,,,,,,,,,,"""Analyzed by Seewald Labs, Inc""",99220,,,,,,,,,,,,,,,,,,,,,,,,,,,,,,,,,"Seewald Laboratories, Williamsport, Pennsylvania",,,,,,,,,,,,,,,NWIS
USGS-PA,USGS Pennsylvania Water Science Center,nwispa.01.01401389,2014-08-11,13:00:00,EDT,USGS-411817076485401,NWIS-57380468,,,,Chloride,Dissolved,2.74,mg/l,,Accepted,,Actual,,,,,,,,,,,00940,,,,,,,,,,,,,,,,,,,,,,,,,,,IC022,USGS,"Anions, wf, IC",https://www.nemi.gov/methods/method_summary/5536/,,"Standard Methods (22d ed), 2012, p 4-5 - 4-7","USGS-National Water Quality Lab, Denver, CO",2014-08-27,,,,,,,,https://www.waterqualitydata.us/data/activities/nwispa.01.01401389/results/NWIS-57380468/resdetectqntlmts,,,,,,NWIS
USGS-PA,USGS Pennsylvania Water Science Center,nwispa.01.01401389,2014-08-11,13:00:00,EDT,USGS-411817076485401,NWIS-58706227,,,,Chloride,Total,3.1,mg/l,,Accepted,,Actual,,,,,,,,,,"""Analyzed by Seewald Labs, Inc""",99220,,,,,,,,,,,,,,,,,,,,,,,,,,,,,,,,,"Seewald Laboratories, Williamsport, Pennsylvania",,,,,,,,,,,,,,,NWIS
USGS-PA,USGS Pennsylvania Water Science Center,nwispa.01.01401059,2014-06-25,09:00:00,EDT,USGS-411824077020001,NWIS-55118063,,,,Chloride,Dissolved,1.35,mg/l,,Accepted,,Actual,,,,,,,,,,,00940,,,,,,,,,,,,,,,,,,,,,,,,,,,IC022,USGS,"Anions, wf, IC",https://www.nemi.gov/methods/method_summary/5536/,,"Standard Methods (22d ed), 2012, p 4-5 - 4-7","USGS-National Water Quality Lab, Denver, CO",2014-07-09,,,,,,,,https://www.waterqualitydata.us/data/activities/nwispa.01.01401059/results/NWIS-55118063/resdetectqntlmts,,,,,,NWIS
USGS-PA,USGS Pennsylvania Water Science Center,nwispa.01.01401059,2014-06-25,09:00:00,EDT,USGS-411824077020001,NWIS-58449799,,,,Chloride,Total,1.5,mg/l,,Accepted,,Actual,,,,,,,,,,"""Analyzed by Seewald Labs, Inc""",99220,,,,,,,,,,,,,,,,,,,,,,,,,,,,,,,,,"Seewald Laboratories, Williamsport, Pennsylvania",,,,,,,,,,,,,,,NWIS
USGS-PA,USGS Pennsylvania Water Science Center,nwispa.01.01401267,2014-07-29,13:30:00,EDT,USGS-411828077064101,NWIS-57049050,,,,Chloride,Dissolved,18.3,mg/l,,Accepted,,Actual,,,,,,,,,,,00940,,,,,,,,,,,,,,,,,,,,,,,,,,,IC022,USGS,"Anions, wf, IC",https://www.nemi.gov/methods/method_summary/5536/,,"Standard Methods (22d ed), 2012, p 4-5 - 4-7","USGS-National Water Quality Lab, Denver, CO",2014-08-08,,,,,,,,https://www.waterqualitydata.us/data/activities/nwispa.01.01401267/results/NWIS-57049050/resdetectqntlmts,,,,,,NWIS
USGS-PA,USGS Pennsylvania Water Science Center,nwispa.01.01401267,2014-07-29,13:30:00,EDT,USGS-411828077064101,NWIS-58705817,,,,Chloride,Total,20,mg/l,,Accepted,,Actual,,,,,,,,,,"""Analyzed by Seewald Labs, Inc""",99220,,,,,,,,,,,,,,,,,,,,,,,,,,,,,,,,,"Seewald Laboratories, Williamsport, Pennsylvania",,,,,,,,,,,,,,,NWIS
USGS-PA,USGS Pennsylvania Water Science Center,nwispa.01.01401521,2014-08-27,09:20:00,EDT,USGS-411834076463401,NWIS-58311273,,,,Chloride,Dissolved,2.31,mg/l,,Accepted,,Actual,,,,,,,,,,,00940,,,,,,,,,,,,,,,,,,,,,,,,,,,IC022,USGS,"Anions, wf, IC",https://www.nemi.gov/methods/method_summary/5536/,,"Standard Methods (22d ed), 2012, p 4-5 - 4-7","USGS-National Water Quality Lab, Denver, CO",2014-10-29,,,,,,,,https://www.waterqualitydata.us/data/activities/nwispa.01.01401521/results/NWIS-58311273/resdetectqntlmts,,,,,,NWIS
USGS-PA,USGS Pennsylvania Water Science Center,nwispa.01.01401521,2014-08-27,09:20:00,EDT,USGS-411834076463401,NWIS-58381936,,,,Chloride,Total,2.6,mg/l,,Accepted,,Actual,,,,,,,,,,"""Analyzed by Seewald Labs, Inc""",99220,,,,,,,,,,,,,,,,,,,,,,,,,,,,,,,,,"Seewald Laboratories, Williamsport, Pennsylvania",,,,,,,,,,,,,,,NWIS
USGS-PA,USGS Pennsylvania Water Science Center,nwispa.01.01401060,2014-06-25,10:00:00,EDT,USGS-411854076521601,NWIS-55369021,,,,Chloride,Dissolved,1.72,mg/l,,Accepted,,Actual,,,,,,,,,,,00940,,,,,,,,,,,,,,,,,,,,,,,,,,,IC022,USGS,"Anions, wf, IC",https://www.nemi.gov/methods/method_summary/5536/,,"Standard Methods (22d ed), 2012, p 4-5 - 4-7","USGS-National Water Quality Lab, Denver, CO",2014-07-09,,,,,,,,https://www.waterqualitydata.us/data/activities/nwispa.01.01401060/results/NWIS-55369021/resdetectqntlmts,,,,,,NWIS
USGS-PA,USGS Pennsylvania Water Science Center,nwispa.01.01401060,2014-06-25,10:00:00,EDT,USGS-411854076521601,NWIS-58714832,,,,Chloride,Total,1.9,mg/l,,Accepted,,Actual,,,,,,,,,,"""Analyzed by Seewald Labs, Inc""",99220,,,,,,,,,,,,,,,,,,,,,,,,,,,,,,,,,"Seewald Laboratories, Williamsport, Pennsylvania",,,,,,,,,,,,,,,NWIS
USGS-PA,USGS Pennsylvania Water Science Center,nwispa.01.01401271,2014-07-31,08:50:00,EDT,USGS-411859077004201,NWIS-56886557,,,,Chloride,Dissolved,7.39,mg/l,,Accepted,,Actual,,,,,,,,,,,00940,,,,,,,,,,,,,,,,,,,,,,,,,,,IC022,USGS,"Anions, wf, IC",https://www.nemi.gov/methods/method_summary/5536/,,"Standard Methods (22d ed), 2012, p 4-5 - 4-7","USGS-National Water Quality Lab, Denver, CO",2014-08-12,,,,,,,,https://www.waterqualitydata.us/data/activities/nwispa.01.01401271/results/NWIS-56886557/resdetectqntlmts,,,,,,NWIS
USGS-PA,USGS Pennsylvania Water Science Center,nwispa.01.01401271,2014-07-31,08:50:00,EDT,USGS-411859077004201,NWIS-58363484,,,,Chloride,Total,8.2,mg/l,,Accepted,,Actual,,,,,,,,,,"""Analyzed by Seewald Labs, Inc""",99220,,,,,,,,,,,,,,,,,,,,,,,,,,,,,,,,,"Seewald Laboratories, Williamsport, Pennsylvania",,,,,,,,,,,,,,,NWIS
USGS-PA,USGS Pennsylvania Water Science Center,nwispa.01.01401390,2014-08-12,06:30:00,EDT,USGS-411915076412101,NWIS-57141032,,,,Chloride,Dissolved,10.2,mg/l,,Accepted,,Actual,,,,,,,,,,,00940,,,,,,,,,,,,,,,,,,,,,,,,,,,IC022,USGS,"Anions, wf, IC",https://www.nemi.gov/methods/method_summary/5536/,,"Standard Methods (22d ed), 2012, p 4-5 - 4-7","USGS-National Water Quality Lab, Denver, CO",2014-08-23,,,,,,,,https://www.waterqualitydata.us/data/activities/nwispa.01.01401390/results/NWIS-57141032/resdetectqntlmts,,,,,,NWIS
USGS-PA,USGS Pennsylvania Water Science Center,nwispa.01.01401390,2014-08-12,06:30:00,EDT,USGS-411915076412101,NWIS-58442354,,,,Chloride,Total,15,mg/l,,Accepted,,Actual,,,,,,,,,,"""Analyzed by Seewald Labs, Inc""",99220,,,,,,,,,,,,,,,,,,,,,,,,,,,,,,,,,"Seewald Laboratories, Williamsport, Pennsylvania",,,,,,,,,,,,,,,NWIS
USGS-PA,USGS Pennsylvania Water Science Center,nwispa.01.01401392,2014-08-12,09:55:00,EDT,USGS-411916077085101,NWIS-57354468,,,,Chloride,Dissolved,2.20,mg/l,,Accepted,,Actual,,,,,,,,,,,00940,,,,,,,,,,,,,,,,,,,,,,,,,,,IC022,USGS,"Anions, wf, IC",https://www.nemi.gov/methods/method_summary/5536/,,"Standard Methods (22d ed), 2012, p 4-5 - 4-7","USGS-National Water Quality Lab, Denver, CO",2014-08-23,,,,,,,,https://www.waterqualitydata.us/data/activities/nwispa.01.01401392/results/NWIS-57354468/resdetectqntlmts,,,,,,NWIS
USGS-PA,USGS Pennsylvania Water Science Center,nwispa.01.01401392,2014-08-12,09:55:00,EDT,USGS-411916077085101,NWIS-58442516,,,,Chloride,Total,2.5,mg/l,,Accepted,,Actual,,,,,,,,,,"""Analyzed by Seewald Labs, Inc""",99220,,,,,,,,,,,,,,,,,,,,,,,,,,,,,,,,,"Seewald Laboratories, Williamsport, Pennsylvania",,,,,,,,,,,,,,,NWIS
USGS-PA,USGS Pennsylvania Water Science Center,nwispa.01.01401386,2014-08-11,08:45:00,EDT,USGS-411921076515201,NWIS-57026361,,,,Chloride,Dissolved,5.81,mg/l,,Accepted,,Actual,,,,,,,,,,,00940,,,,,,,,,,,,,,,,,,,,,,,,,,,IC022,USGS,"Anions, wf, IC",https://www.nemi.gov/methods/method_summary/5536/,,"Standard Methods (22d ed), 2012, p 4-5 - 4-7","USGS-National Water Quality Lab, Denver, CO",2014-08-27,,,,,,,,https://www.waterqualitydata.us/data/activities/nwispa.01.01401386/results/NWIS-57026361/resdetectqntlmts,,,,,,NWIS
USGS-PA,USGS Pennsylvania Water Science Center,nwispa.01.01401386,2014-08-11,08:45:00,EDT,USGS-411921076515201,NWIS-58379540,,,,Chloride,Total,4.5,mg/l,,Accepted,,Actual,,,,,,,,,,"""Analyzed by Seewald Labs, Inc""",99220,,,,,,,,,,,,,,,,,,,,,,,,,,,,,,,,,"Seewald Laboratories, Williamsport, Pennsylvania",,,,,,,,,,,,,,,NWIS
USGS-PA,USGS Pennsylvania Water Science Center,nwispa.01.01401394,2014-08-13,08:40:00,EDT,USGS-411949076460001,NWIS-57130804,,,,Chloride,Dissolved,0.97,mg/l,,Accepted,,Actual,,,,,,,,,,,00940,,,,,,,,,,,,,,,,,,,,,,,,,,,IC022,USGS,"Anions, wf, IC",https://www.nemi.gov/methods/method_summary/5536/,,"Standard Methods (22d ed), 2012, p 4-5 - 4-7","USGS-National Water Quality Lab, Denver, CO",2014-09-17,,,,,,,,https://www.waterqualitydata.us/data/activities/nwispa.01.01401394/results/NWIS-57130804/resdetectqntlmts,,,,,,NWIS
USGS-PA,USGS Pennsylvania Water Science Center,nwispa.01.01401394,2014-08-13,08:40:00,EDT,USGS-411949076460001,NWIS-58439818,,Not Detected,,Chloride,Total,,,,Accepted,,Actual,,,,,,,,,,"""Analyzed by Seewald Labs, Inc""",99220,,,,,,,,,,,,,,,,,,,,,,,,,,,,,,,,,"Seewald Laboratories, Williamsport, Pennsylvania",,,,,,,,,https://www.waterqualitydata.us/data/activities/nwispa.01.01401394/results/NWIS-58439818/resdetectqntlmts,,,,,,NWIS
USGS-PA,USGS Pennsylvania Water Science Center,nwispa.01.01401266,2014-07-29,11:55:00,EDT,USGS-412000077280001,NWIS-56671843,,,,Chloride,Dissolved,0.55,mg/l,,Accepted,,Actual,,,,,,,,,,,00940,,,,,,,,,,,,,,,,,,,,,,,,,,,IC022,USGS,"Anions, wf, IC",https://www.nemi.gov/methods/method_summary/5536/,,"Standard Methods (22d ed), 2012, p 4-5 - 4-7","USGS-National Water Quality Lab, Denver, CO",2014-08-08,,,,,,,,https://www.waterqualitydata.us/data/activities/nwispa.01.01401266/results/NWIS-56671843/resdetectqntlmts,,,,,,NWIS
USGS-PA,USGS Pennsylvania Water Science Center,nwispa.01.01401266,2014-07-29,11:55:00,EDT,USGS-412000077280001,NWIS-58376555,,Not Detected,,Chloride,Total,,,,Accepted,,Actual,,,,,,,,,,"""Analyzed by Seewald Labs, Inc""",99220,,,,,,,,,,,,,,,,,,,,,,,,,,,,,,,,,"Seewald Laboratories, Williamsport, Pennsylvania",,,,,,,,,https://www.waterqualitydata.us/data/activities/nwispa.01.01401266/results/NWIS-58376555/resdetectqntlmts,,,,,,NWIS
USGS-PA,USGS Pennsylvania Water Science Center,nwispa.01.01401261,2014-07-28,09:30:00,EDT,USGS-412037077012601,NWIS-56779261,,,,Chloride,Dissolved,24.7,mg/l,,Accepted,,Actual,,,,,,,,,,,00940,,,,,,,,,,,,,,,,,,,,,,,,,,,IC022,USGS,"Anions, wf, IC",https://www.nemi.gov/methods/method_summary/5536/,,"Standard Methods (22d ed), 2012, p 4-5 - 4-7","USGS-National Water Quality Lab, Denver, CO",2014-08-20,,,,,,,,https://www.waterqualitydata.us/data/activities/nwispa.01.01401261/results/NWIS-56779261/resdetectqntlmts,,,,,,NWIS
USGS-PA,USGS Pennsylvania Water Science Center,nwispa.01.01401261,2014-07-28,09:30:00,EDT,USGS-412037077012601,NWIS-58438931,,,,Chloride,Total,27,mg/l,,Accepted,,Actual,,,,,,,,,,"""Analyzed by Seewald Labs, Inc""",99220,,,,,,,,,,,,,,,,,,,,,,,,,,,,,,,,,"Seewald Laboratories, Williamsport, Pennsylvania",,,,,,,,,,,,,,,NWIS
USGS-PA,USGS Pennsylvania Water Science Center,nwispa.01.01401451,2014-08-25,07:30:00,EDT,USGS-412043077213501,NWIS-57900419,,,,Chloride,Dissolved,5.34,mg/l,,Accepted,,Actual,,,,,,,,,,,00940,,,,,,,,,,,,,,,,,,,,,,,,,,,IC022,USGS,"Anions, wf, IC",https://www.nemi.gov/methods/method_summary/5536/,,"Standard Methods (22d ed), 2012, p 4-5 - 4-7","USGS-National Water Quality Lab, Denver, CO",2014-10-23,,,,,,,,https://www.waterqualitydata.us/data/activities/nwispa.01.01401451/results/NWIS-57900419/resdetectqntlmts,,,,,,NWIS
USGS-PA,USGS Pennsylvania Water Science Center,nwispa.01.01401451,2014-08-25,07:30:00,EDT,USGS-412043077213501,NWIS-58380399,,,,Chloride,Total,5.9,mg/l,,Accepted,,Actual,,,,,,,,,,"""Analyzed by Seewald Labs, Inc""",99220,,,,,,,,,,,,,,,,,,,,,,,,,,,,,,,,,"Seewald Laboratories, Williamsport, Pennsylvania",,,,,,,,,,,,,,,NWIS
USGS-PA,USGS Pennsylvania Water Science Center,nwispa.01.01401074,2014-07-01,13:00:00,EDT,USGS-412048077041301,NWIS-55547375,,,,Chloride,Dissolved,5.47,mg/l,,Accepted,,Actual,,,,,,,,,,,00940,,,,,,,,,,,,,,,,,,,,,,,,,,,IC022,USGS,"Anions, wf, IC",https://www.nemi.gov/methods/method_summary/5536/,,"Standard Methods (22d ed), 2012, p 4-5 - 4-7","USGS-National Water Quality Lab, Denver, CO",2014-07-15,,,,,,,,https://www.waterqualitydata.us/data/activities/nwispa.01.01401074/results/NWIS-55547375/resdetectqntlmts,,,,,,NWIS
USGS-PA,USGS Pennsylvania Water Science Center,nwispa.01.01401074,2014-07-01,13:00:00,EDT,USGS-412048077041301,NWIS-58696483,,,,Chloride,Total,6.0,mg/l,,Accepted,,Actual,,,,,,,,,,"""Analyzed by Seewald Labs, Inc""",99220,,,,,,,,,,,,,,,,,,,,,,,,,,,,,,,,,"Seewald Laboratories, Williamsport, Pennsylvania",,,,,,,,,,,,,,,NWIS
USGS-PA,USGS Pennsylvania Water Science Center,nwispa.01.01401263,2014-07-28,14:00:00,EDT,USGS-412205077012401,NWIS-56780916,,,,Chloride,Dissolved,12.1,mg/l,,Accepted,,Actual,,,,,,,,,,,00940,,,,,,,,,,,,,,,,,,,,,,,,,,,IC022,USGS,"Anions, wf, IC",https://www.nemi.gov/methods/method_summary/5536/,,"Standard Methods (22d ed), 2012, p 4-5 - 4-7","USGS-National Water Quality Lab, Denver, CO",2014-08-20,,,,,,,,https://www.waterqualitydata.us/data/activities/nwispa.01.01401263/results/NWIS-56780916/resdetectqntlmts,,,,,,NWIS
USGS-PA,USGS Pennsylvania Water Science Center,nwispa.01.01401263,2014-07-28,14:00:00,EDT,USGS-412205077012401,NWIS-58456850,,,,Chloride,Total,13,mg/l,,Accepted,,Actual,,,,,,,,,,"""Analyzed by Seewald Labs, Inc""",99220,,,,,,,,,,,,,,,,,,,,,,,,,,,,,,,,,"Seewald Laboratories, Williamsport, Pennsylvania",,,,,,,,,,,,,,,NWIS
USGS-PA,USGS Pennsylvania Water Science Center,nwispa.01.01400831,2014-06-09,12:45:00,EDT,USGS-412256077320401,NWIS-58446163,,Not Detected,,Chloride,Total,,,,Accepted,,Actual,,,,,,,,,,"""Analyzed by Seewald Labs, Inc""",99220,,,,,,,,,,,,,,,,,,,,,,,,,,,,,,,,,"Seewald Laboratories, Williamsport, Pennsylvania",,,,,,,,,https://www.waterqualitydata.us/data/activities/nwispa.01.01400831/results/NWIS-58446163/resdetectqntlmts,,,,,,NWIS
USGS-PA,USGS Pennsylvania Water Science Center,nwispa.01.01400831,2014-06-09,12:45:00,EDT,USGS-412256077320401,NWIS-64311463,,,,Chloride,Dissolved,0.54,mg/l,,Accepted,,Actual,,,,,,,,,,,00940,,,,,,,,,,,,,,,,,,,,,,,,,,,IC022,USGS,"Anions, wf, IC",https://www.nemi.gov/methods/method_summary/5536/,,"Standard Methods (22d ed), 2012, p 4-5 - 4-7","USGS-National Water Quality Lab, Denver, CO",2014-06-17,,,,,,,,https://www.waterqualitydata.us/data/activities/nwispa.01.01400831/results/NWIS-64311463/resdetectqntlmts,,,,,,NWIS
USGS-PA,USGS Pennsylvania Water Science Center,nwispa.01.01401076,2014-07-02,13:00:00,EDT,USGS-412259076502001,NWIS-55587985,,,,Chloride,Dissolved,9.46,mg/l,,Accepted,,Actual,,,,,,,,,,,00940,,,,,,,,,,,,,,,,,,,,,,,,,,,IC022,USGS,"Anions, wf, IC",https://www.nemi.gov/methods/method_summary/5536/,,"Standard Methods (22d ed), 2012, p 4-5 - 4-7","USGS-National Water Quality Lab, Denver, CO",2014-07-15,,,,,,,,https://www.waterqualitydata.us/data/activities/nwispa.01.01401076/results/NWIS-55587985/resdetectqntlmts,,,,,,NWIS
USGS-PA,USGS Pennsylvania Water Science Center,nwispa.01.01401076,2014-07-02,13:00:00,EDT,USGS-412259076502001,NWIS-58453465,,,,Chloride,Total,10,mg/l,,Accepted,,Actual,,,,,,,,,,"""Analyzed by Seewald Labs, Inc""",99220,,,,,,,,,,,,,,,,,,,,,,,,,,,,,,,,,"Seewald Laboratories, Williamsport, Pennsylvania",,,,,,,,,,,,,,,NWIS
USGS-PA,USGS Pennsylvania Water Science Center,nwispa.01.01401460,2014-08-28,12:45:00,EDT,USGS-412307076482101,NWIS-58707512,,,,Chloride,Total,9.0,mg/l,,Accepted,,Actual,,,,,,,,,,"""Analyzed by Seewald Labs, Inc""",99220,,,,,,,,,,,,,,,,,,,,,,,,,,,,,,,,,"Seewald Laboratories, Williamsport, Pennsylvania",,,,,,,,,,,,,,,NWIS
USGS-PA,USGS Pennsylvania Water Science Center,nwispa.01.01401460,2014-08-28,12:45:00,EDT,USGS-412307076482101,NWIS-59107804,,,,Chloride,Dissolved,8.17,mg/l,,Accepted,,Actual,,,,,,,,,,,00940,,,,,,,,,,,,,,,,,,,,,,,,,,,IC022,USGS,"Anions, wf, IC",https://www.nemi.gov/methods/method_summary/5536/,,"Standard Methods (22d ed), 2012, p 4-5 - 4-7","USGS-National Water Quality Lab, Denver, CO",2014-11-14,,,,,,,,https://www.waterqualitydata.us/data/activities/nwispa.01.01401460/results/NWIS-59107804/resdetectqntlmts,,,,,,NWIS
USGS-PA,USGS Pennsylvania Water Science Center,nwispa.01.01401398,2014-08-14,09:00:00,EDT,USGS-412315077270601,NWIS-58171166,,,,Chloride,Dissolved,938,mg/l,,Accepted,,Actual,,,,,,,,,,,00940,,,,,,,,,,,,,,,,,,,,,,,,,,,IC022,USGS,"Anions, wf, IC",https://www.nemi.gov/methods/method_summary/5536/,,"Standard Methods (22d ed), 2012, p 4-5 - 4-7","USGS-National Water Quality Lab, Denver, CO",2014-09-24,,,,,,,sample was diluted,https://www.waterqualitydata.us/data/activities/nwispa.01.01401398/results/NWIS-58171166/resdetectqntlmts,,,,,,NWIS
USGS-PA,USGS Pennsylvania Water Science Center,nwispa.01.01401398,2014-08-14,09:00:00,EDT,USGS-412315077270601,NWIS-58456656,,,,Chloride,Total,460,mg/l,,Accepted,,Actual,,,,,,,,,,"""Analyzed by Seewald Labs, Inc""",99220,,,,,,,,,,,,,,,,,,,,,,,,,,,,,,,,,"Seewald Laboratories, Williamsport, Pennsylvania",,,,,,,,,,,,,,,NWIS
USGS-PA,USGS Pennsylvania Water Science Center,nwispa.01.01400834,2014-06-11,11:30:00,EDT,USGS-412338077150201,NWIS-56108107,,,,Chloride,Dissolved,3.89,mg/l,,Accepted,,Actual,,,,,,,,,,,00940,,,,,,,,,,,,,,,,,,,,,,,,,,,IC022,USGS,"Anions, wf, IC",https://www.nemi.gov/methods/method_summary/5536/,,"Standard Methods (22d ed), 2012, p 4-5 - 4-7","USGS-National Water Quality Lab, Denver, CO",2014-06-20,,,,,,,,https://www.waterqualitydata.us/data/activities/nwispa.01.01400834/results/NWIS-56108107/resdetectqntlmts,,,,,,NWIS
USGS-PA,USGS Pennsylvania Water Science Center,nwispa.01.01400834,2014-06-11,11:30:00,EDT,USGS-412338077150201,NWIS-58444306,,,,Chloride,Total,4.2,mg/l,,Accepted,,Actual,,,,,,,,,,"""Analyzed by Seewald Labs, Inc""",99220,,,,,,,,,,,,,,,,,,,,,,,,,,,,,,,,,"Seewald Laboratories, Williamsport, Pennsylvania",,,,,,,,,,,,,,,NWIS
USGS-PA,USGS Pennsylvania Water Science Center,nwispa.01.01401524,2014-08-28,12:10:00,EDT,USGS-412350077024901,NWIS-58367763,,,,Chloride,Total,30,mg/l,,Accepted,,Actual,,,,,,,,,,"""Analyzed by Seewald Labs, Inc""",99220,,,,,,,,,,,,,,,,,,,,,,,,,,,,,,,,,"Seewald Laboratories, Williamsport, Pennsylvania",,,,,,,,,,,,,,,NWIS
USGS-PA,USGS Pennsylvania Water Science Center,nwispa.01.01401524,2014-08-28,12:10:00,EDT,USGS-412350077024901,NWIS-58790272,,,,Chloride,Dissolved,27.6,mg/l,,Accepted,,Actual,,,,,,,,,,,00940,,,,,,,,,,,,,,,,,,,,,,,,,,,IC022,USGS,"Anions, wf, IC",https://www.nemi.gov/methods/method_summary/5536/,,"Standard Methods (22d ed), 2012, p 4-5 - 4-7","USGS-National Water Quality Lab, Denver, CO",2014-11-14,,,,,,,,https://www.waterqualitydata.us/data/activities/nwispa.01.01401524/results/NWIS-58790272/resdetectqntlmts,,,,,,NWIS
USGS-PA,USGS Pennsylvania Water Science Center,nwispa.01.01401178,2014-07-16,11:40:00,EDT,USGS-412450077124301,NWIS-58720132,,,,Chloride,Total,30,mg/l,,Accepted,,Actual,,,,,,,,,,"""Analyzed by Seewald Labs, Inc""",99220,,,,,,,,,,,,,,,,,,,,,,,,,,,,,,,,,"Seewald Laboratories, Williamsport, Pennsylvania",,,,,,,,,,,,,,,NWIS
USGS-PA,USGS Pennsylvania Water Science Center,nwispa.01.01401178,2014-07-16,11:40:00,EDT,USGS-412450077124301,NWIS-62014679,,,,Chloride,Dissolved,26.7,mg/l,,Accepted,,Actual,,,,,,,,,,,00940,,,,,,,,,,,,,,,,,,,,,,,,,,,IC022,USGS,"Anions, wf, IC",https://www.nemi.gov/methods/method_summary/5536/,,"Standard Methods (22d ed), 2012, p 4-5 - 4-7","USGS-National Water Quality Lab, Denver, CO",2014-07-23,,,,,,,,https://www.waterqualitydata.us/data/activities/nwispa.01.01401178/results/NWIS-62014679/resdetectqntlmts,,,,,,NWIS
USGS-PA,USGS Pennsylvania Water Science Center,nwispa.01.01401395,2014-08-13,10:30:00,EDT,USGS-412544076520401,NWIS-57141128,,,,Chloride,Dissolved,8.52,mg/l,,Accepted,,Actual,,,,,,,,,,,00940,,,,,,,,,,,,,,,,,,,,,,,,,,,IC022,USGS,"Anions, wf, IC",https://www.nemi.gov/methods/method_summary/5536/,,"Standard Methods (22d ed), 2012, p 4-5 - 4-7","USGS-National Water Quality Lab, Denver, CO",2014-09-17,,,,,,,,https://www.waterqualitydata.us/data/activities/nwispa.01.01401395/results/NWIS-57141128/resdetectqntlmts,,,,,,NWIS
USGS-PA,USGS Pennsylvania Water Science Center,nwispa.01.01401395,2014-08-13,10:30:00,EDT,USGS-412544076520401,NWIS-58460761,,,,Chloride,Total,8.7,mg/l,,Accepted,,Actual,,,,,,,,,,"""Analyzed by Seewald Labs, Inc""",99220,,,,,,,,,,,,,,,,,,,,,,,,,,,,,,,,,"Seewald Laboratories, Williamsport, Pennsylvania",,,,,,,,,,,,,,,NWIS
USGS-PA,USGS Pennsylvania Water Science Center,nwispa.01.01401429,2014-08-20,12:00:00,EDT,USGS-412606077021901,NWIS-58391885,,,,Chloride,Dissolved,49.7,mg/l,,Preliminary,,Actual,,,,,,,,,,,00940,,,,,,,,,,,,,,,,,,,,,,,,,,,IC022,USGS,"Anions, wf, IC",https://www.nemi.gov/methods/method_summary/5536/,,"Standard Methods (22d ed), 2012, p 4-5 - 4-7","USGS-National Water Quality Lab, Denver, CO",2014-10-11,,,,,,,,https://www.waterqualitydata.us/data/activities/nwispa.01.01401429/results/NWIS-58391885/resdetectqntlmts,,,,,,NWIS
USGS-PA,USGS Pennsylvania Water Science Center,nwispa.01.01401623,2014-09-25,10:00:00,EDT,USGS-412606077021901,NWIS-59902266,,,,Chloride,Dissolved,49.1,mg/l,,Preliminary,,Actual,,,,,,,,,,,00940,,,,,,,,,,,,,,,,,,,,,,,,,,,IC022,USGS,"Anions, wf, IC",https://www.nemi.gov/methods/method_summary/5536/,,"Standard Methods (22d ed), 2012, p 4-5 - 4-7","USGS-National Water Quality Lab, Denver, CO",2014-12-17,,,,,,,,https://www.waterqualitydata.us/data/activities/nwispa.01.01401623/results/NWIS-59902266/resdetectqntlmts,,,,,,NWIS
USGS-PA,USGS Pennsylvania Water Science Center,nwispa.01.01401520,2014-08-26,12:15:00,EDT,USGS-412614076591601,NWIS-58729114,,,,Chloride,Total,1.2,mg/l,,Accepted,,Actual,,,,,,,,,,"""Analyzed by Seewald Labs, Inc""",99220,,,,,,,,,,,,,,,,,,,,,,,,,,,,,,,,,"Seewald Laboratories, Williamsport, Pennsylvania",,,,,,,,,,,,,,,NWIS
USGS-PA,USGS Pennsylvania Water Science Center,nwispa.01.01401520,2014-08-26,12:15:00,EDT,USGS-412614076591601,NWIS-59453722,,,,Chloride,Dissolved,1.14,mg/l,,Accepted,,Actual,,,,,,,,,,,00940,,,,,,,,,,,,,,,,,,,,,,,,,,,IC022,USGS,"Anions, wf, IC",https://www.nemi.gov/methods/method_summary/5536/,,"Standard Methods (22d ed), 2012, p 4-5 - 4-7","USGS-National Water Quality Lab, Denver, CO",2014-11-07,,,,,,,,https://www.waterqualitydata.us/data/activities/nwispa.01.01401520/results/NWIS-59453722/resdetectqntlmts,,,,,,NWIS
USGS-PA,USGS Pennsylvania Water Science Center,nwispa.01.01401177,2014-07-16,08:50:00,EDT,USGS-412642077075501,NWIS-56289781,,,,Chloride,Dissolved,1.61,mg/l,,Accepted,,Actual,,,,,,,,,,,00940,,,,,,,,,,,,,,,,,,,,,,,,,,,IC022,USGS,"Anions, wf, IC",https://www.nemi.gov/methods/method_summary/5536/,,"Standard Methods (22d ed), 2012, p 4-5 - 4-7","USGS-National Water Quality Lab, Denver, CO",2014-07-23,,,,,,,,https://www.waterqualitydata.us/data/activities/nwispa.01.01401177/results/NWIS-56289781/resdetectqntlmts,,,,,,NWIS
USGS-PA,USGS Pennsylvania Water Science Center,nwispa.01.01401177,2014-07-16,08:50:00,EDT,USGS-412642077075501,NWIS-58438349,,,,Chloride,Total,2.0,mg/l,,Accepted,,Actual,,,,,,,,,,"""Analyzed by Seewald Labs, Inc""",99220,,,,,,,,,,,,,,,,,,,,,,,,,,,,,,,,,"Seewald Laboratories, Williamsport, Pennsylvania",,,,,,,,,,,,,,,NWIS
USGS-PA,USGS Pennsylvania Water Science Center,nwispa.01.01100803,2011-08-02,13:30:00,EDT,USGS-412644076564901,NWIS-50277770,,,,Chloride,Dissolved,9.05,mg/l,,Preliminary,,Actual,,,,,,,,,,,00940,,,,,,,,,,,,,,,,,,,,,,,,,,,IC022,USGS,"Anions, wf, IC",https://www.nemi.gov/methods/method_summary/5536/,,"Standard Methods (22d ed), 2012, p 4-5 - 4-7","USGS-National Water Quality Lab, Denver, CO",2011-08-09,,,,,,,,https://www.waterqualitydata.us/data/activities/nwispa.01.01100803/results/NWIS-50277770/resdetectqntlmts,,,,,,NWIS
USGS-PA,USGS Pennsylvania Water Science Center,nwispa.01.01401073,2014-07-01,09:45:00,EDT,USGS-412727076483701,NWIS-55291324,,,,Chloride,Dissolved,1.76,mg/l,,Accepted,,Actual,,,,,,,,,,,00940,,,,,,,,,,,,,,,,,,,,,,,,,,,IC022,USGS,"Anions, wf, IC",https://www.nemi.gov/methods/method_summary/5536/,,"Standard Methods (22d ed), 2012, p 4-5 - 4-7","USGS-National Water Quality Lab, Denver, CO",2014-07-15,,,,,,,,https://www.waterqualitydata.us/data/activities/nwispa.01.01401073/results/NWIS-55291324/resdetectqntlmts,,,,,,NWIS
USGS-PA,USGS Pennsylvania Water Science Center,nwispa.01.01401073,2014-07-01,09:45:00,EDT,USGS-412727076483701,NWIS-58437976,,,,Chloride,Total,1.9,mg/l,,Accepted,,Actual,,,,,,,,,,"""Analyzed by Seewald Labs, Inc""",99220,,,,,,,,,,,,,,,,,,,,,,,,,,,,,,,,,"Seewald Laboratories, Williamsport, Pennsylvania",,,,,,,,,,,,,,,NWIS
USGS-PA,USGS Pennsylvania Water Science Center,nwispa.01.01401454,2014-08-25,11:40:00,EDT,USGS-412730077062101,NWIS-57993509,,,,Chloride,Dissolved,7.98,mg/l,,Accepted,,Actual,,,,,,,,,,,00940,,,,,,,,,,,,,,,,,,,,,,,,,,,IC022,USGS,"Anions, wf, IC",https://www.nemi.gov/methods/method_summary/5536/,,"Standard Methods (22d ed), 2012, p 4-5 - 4-7","USGS-National Water Quality Lab, Denver, CO",2014-10-23,,,,,,,,https://www.waterqualitydata.us/data/activities/nwispa.01.01401454/results/NWIS-57993509/resdetectqntlmts,,,,,,NWIS
USGS-PA,USGS Pennsylvania Water Science Center,nwispa.01.01401454,2014-08-25,11:40:00,EDT,USGS-412730077062101,NWIS-58445743,,,,Chloride,Total,8.7,mg/l,,Accepted,,Actual,,,,,,,,,,"""Analyzed by Seewald Labs, Inc""",99220,,,,,,,,,,,,,,,,,,,,,,,,,,,,,,,,,"Seewald Laboratories, Williamsport, Pennsylvania",,,,,,,,,,,,,,,NWIS
USGS-PA,USGS Pennsylvania Water Science Center,nwispa.01.01400833,2014-06-11,11:30:00,EDT,USGS-412740077115001,NWIS-55365899,,,,Chloride,Dissolved,0.72,mg/l,,Accepted,,Actual,,,,,,,,,,,00940,,,,,,,,,,,,,,,,,,,,,,,,,,,IC022,USGS,"Anions, wf, IC",https://www.nemi.gov/methods/method_summary/5536/,,"Standard Methods (22d ed), 2012, p 4-5 - 4-7","USGS-National Water Quality Lab, Denver, CO",2014-06-21,,,,,,,,https://www.waterqualitydata.us/data/activities/nwispa.01.01400833/results/NWIS-55365899/resdetectqntlmts,,,,,,NWIS
USGS-PA,USGS Pennsylvania Water Science Center,nwispa.01.01400833,2014-06-11,11:30:00,EDT,USGS-412740077115001,NWIS-58714314,,Not Detected,,Chloride,Total,,,,Accepted,,Actual,,,,,,,,,,"""Analyzed by Seewald Labs, Inc""",99220,,,,,,,,,,,,,,,,,,,,,,,,,,,,,,,,,"Seewald Laboratories, Williamsport, Pennsylvania",,,,,,,,,https://www.waterqualitydata.us/data/activities/nwispa.01.01400833/results/NWIS-58714314/resdetectqntlmts,,,,,,NWIS
USGS-PA,USGS Pennsylvania Water Science Center,nwispa.01.01401388,2014-08-11,12:30:00,EDT,USGS-412918076561201,NWIS-57130651,,,,Chloride,Dissolved,8.83,mg/l,,Accepted,,Actual,,,,,,,,,,,00940,,,,,,,,,,,,,,,,,,,,,,,,,,,IC022,USGS,"Anions, wf, IC",https://www.nemi.gov/methods/method_summary/5536/,,"Standard Methods (22d ed), 2012, p 4-5 - 4-7","USGS-National Water Quality Lab, Denver, CO",2014-08-27,,,,,,,,https://www.waterqualitydata.us/data/activities/nwispa.01.01401388/results/NWIS-57130651/resdetectqntlmts,,,,,,NWIS
USGS-PA,USGS Pennsylvania Water Science Center,nwispa.01.01401388,2014-08-11,12:30:00,EDT,USGS-412918076561201,NWIS-58439610,,,,Chloride,Total,10,mg/l,,Accepted,,Actual,,,,,,,,,,"""Analyzed by Seewald Labs, Inc""",99220,,,,,,,,,,,,,,,,,,,,,,,,,,,,,,,,,"Seewald Laboratories, Williamsport, Pennsylvania",,,,,,,,,,,,,,,NWIS
USGS-PA,USGS Pennsylvania Water Science Center,nwispa.01.01401264,2014-07-29,09:15:00,EDT,USGS-412956077345401,NWIS-56783223,,,,Chloride,Dissolved,14.9,mg/l,,Accepted,,Actual,,,,,,,,,,,00940,,,,,,,,,,,,,,,,,,,,,,,,,,,IC022,USGS,"Anions, wf, IC",https://www.nemi.gov/methods/method_summary/5536/,,"Standard Methods (22d ed), 2012, p 4-5 - 4-7","USGS-National Water Quality Lab, Denver, CO",2014-08-08,,,,,,,,https://www.waterqualitydata.us/data/activities/nwispa.01.01401264/results/NWIS-56783223/resdetectqntlmts,,,,,,NWIS
USGS-PA,USGS Pennsylvania Water Science Center,nwispa.01.01401264,2014-07-29,09:15:00,EDT,USGS-412956077345401,NWIS-58451134,,,,Chloride,Total,16,mg/l,,Accepted,,Actual,,,,,,,,,,"""Analyzed by Seewald Labs, Inc""",99220,,,,,,,,,,,,,,,,,,,,,,,,,,,,,,,,,"Seewald Laboratories, Williamsport, Pennsylvania",,,,,,,,,,,,,,,NWIS
USGS-PA,USGS Pennsylvania Water Science Center,nwispa.01.01401453,2014-08-25,11:00:00,EDT,USGS-413001076571501,NWIS-57903269,,,,Chloride,Dissolved,1.91,mg/l,,Accepted,,Actual,,,,,,,,,,,00940,,,,,,,,,,,,,,,,,,,,,,,,,,,IC022,USGS,"Anions, wf, IC",https://www.nemi.gov/methods/method_summary/5536/,,"Standard Methods (22d ed), 2012, p 4-5 - 4-7","USGS-National Water Quality Lab, Denver, CO",2014-10-23,,,,,,,,https://www.waterqualitydata.us/data/activities/nwispa.01.01401453/results/NWIS-57903269/resdetectqntlmts,,,,,,NWIS
USGS-PA,USGS Pennsylvania Water Science Center,nwispa.01.01401453,2014-08-25,11:00:00,EDT,USGS-413001076571501,NWIS-58365408,,,,Chloride,Total,2.1,mg/l,,Accepted,,Actual,,,,,,,,,,"""Analyzed by Seewald Labs, Inc""",99220,,,,,,,,,,,,,,,,,,,,,,,,,,,,,,,,,"Seewald Laboratories, Williamsport, Pennsylvania",,,,,,,,,,,,,,,NWIS
USGS-PA,USGS Pennsylvania Water Science Center,nwispa.01.01401054,2014-06-23,12:30:00,EDT,USGS-413050077270701,NWIS-55116735,,,,Chloride,Dissolved,18.7,mg/l,,Accepted,,Actual,,,,,,,,,,,00940,,,,,,,,,,,,,,,,,,,,,,,,,,,IC022,USGS,"Anions, wf, IC",https://www.nemi.gov/methods/method_summary/5536/,,"Standard Methods (22d ed), 2012, p 4-5 - 4-7","USGS-National Water Quality Lab, Denver, CO",2014-07-03,,,,,,,,https://www.waterqualitydata.us/data/activities/nwispa.01.01401054/results/NWIS-55116735/resdetectqntlmts,,,,,,NWIS
USGS-PA,USGS Pennsylvania Water Science Center,nwispa.01.01401054,2014-06-23,12:30:00,EDT,USGS-413050077270701,NWIS-58434199,,,,Chloride,Total,20,mg/l,,Accepted,,Actual,,,,,,,,,,,99220,,,,,,,,,,,,,,,,,,,,,,,,,,,,,,,,,"Seewald Laboratories, Williamsport, Pennsylvania",,,,,,,,,,,,,,,NWIS
USGS-PA,USGS Pennsylvania Water Science Center,nwispa.01.01400837,2014-06-12,10:45:00,EDT,USGS-413128077192301,NWIS-58357758,,,,Chloride,Total,10,mg/l,,Accepted,,Actual,,,,,,,,,,"""Analyzed by Seewald Labs, Inc""",99220,,,,,,,,,,,,,,,,,,,,,,,,,,,,,,,,,"Seewald Laboratories, Williamsport, Pennsylvania",,,,,,,,,,,,,,,NWIS
USGS-PA,USGS Pennsylvania Water Science Center,nwispa.01.01400837,2014-06-12,10:45:00,EDT,USGS-413128077192301,NWIS-61752288,,,,Chloride,Dissolved,8.65,mg/l,,Accepted,,Actual,,,,,,,,,,,00940,,,,,,,,,,,,,,,,,,,,,,,,,,,IC022,USGS,"Anions, wf, IC",https://www.nemi.gov/methods/method_summary/5536/,,"Standard Methods (22d ed), 2012, p 4-5 - 4-7","USGS-National Water Quality Lab, Denver, CO",2014-06-21,,,,,,,,https://www.waterqualitydata.us/data/activities/nwispa.01.01400837/results/NWIS-61752288/resdetectqntlmts,,,,,,NWIS
USGS-PA,USGS Pennsylvania Water Science Center,nwispa.01.01401399,2014-08-14,09:00:00,EDT,USGS-413131077052101,NWIS-57580768,,,,Chloride,Dissolved,2.20,mg/l,,Accepted,,Actual,,,,,,,,,,,00940,,,,,,,,,,,,,,,,,,,,,,,,,,,IC022,USGS,"Anions, wf, IC",https://www.nemi.gov/methods/method_summary/5536/,,"Standard Methods (22d ed), 2012, p 4-5 - 4-7","USGS-National Water Quality Lab, Denver, CO",2014-09-03,,,,,,,,https://www.waterqualitydata.us/data/activities/nwispa.01.01401399/results/NWIS-57580768/resdetectqntlmts,,,,,,NWIS
USGS-PA,USGS Pennsylvania Water Science Center,nwispa.01.01401399,2014-08-14,09:00:00,EDT,USGS-413131077052101,NWIS-58725432,,,,Chloride,Total,2.4,mg/l,,Accepted,,Actual,,,,,,,,,,"""Analyzed by Seewald Labs, Inc""",99220,,,,,,,,,,,,,,,,,,,,,,,,,,,,,,,,,"Seewald Laboratories, Williamsport, Pennsylvania",,,,,,,,,,,,,,,NWIS
USGS-PA,USGS Pennsylvania Water Science Center,nwispa.01.01401265,2014-07-29,10:00:00,EDT,USGS-413211077074601,NWIS-56671676,,,,Chloride,Dissolved,4.92,mg/l,,Accepted,,Actual,,,,,,,,,,,00940,,,,,,,,,,,,,,,,,,,,,,,,,,,IC022,USGS,"Anions, wf, IC",https://www.nemi.gov/methods/method_summary/5536/,,"Standard Methods (22d ed), 2012, p 4-5 - 4-7","USGS-National Water Quality Lab, Denver, CO",2014-08-08,,,,,,,,https://www.waterqualitydata.us/data/activities/nwispa.01.01401265/results/NWIS-56671676/resdetectqntlmts,,,,,,NWIS
USGS-PA,USGS Pennsylvania Water Science Center,nwispa.01.01401265,2014-07-29,10:00:00,EDT,USGS-413211077074601,NWIS-58376335,,,,Chloride,Total,5.5,mg/l,,Accepted,,Actual,,,,,,,,,,"""Analyzed by Seewald Labs, Inc""",99220,,,,,,,,,,,,,,,,,,,,,,,,,,,,,,,,,"Seewald Laboratories, Williamsport, Pennsylvania",,,,,,,,,,,,,,,NWIS
USGS-PA,USGS Pennsylvania Water Science Center,nwispa.01.01401053,2014-06-23,12:30:00,EDT,USGS-413503076495301,NWIS-55368831,,,,Chloride,Dissolved,0.73,mg/l,,Accepted,,Actual,,,,,,,,,,,00940,,,,,,,,,,,,,,,,,,,,,,,,,,,IC022,USGS,"Anions, wf, IC",https://www.nemi.gov/methods/method_summary/5536/,,"Standard Methods (22d ed), 2012, p 4-5 - 4-7","USGS-National Water Quality Lab, Denver, CO",2014-07-03,,,,,,,,https://www.waterqualitydata.us/data/activities/nwispa.01.01401053/results/NWIS-55368831/resdetectqntlmts,,,,,,NWIS
USGS-PA,USGS Pennsylvania Water Science Center,nwispa.01.01401053,2014-06-23,12:30:00,EDT,USGS-413503076495301,NWIS-58714656,,,,Chloride,Total,0.76,mg/l,,Accepted,,Actual,,,,,,,,,,"""Analyzed by Seewald Labs, Inc""",99220,,,,,,,,,,,,,,,,,,,,,,,,,,,,,,,,,"Seewald Laboratories, Williamsport, Pennsylvania",,,,,,,,,,,,,,,NWIS
USGS-PA,USGS Pennsylvania Water Science Center,nwispa.01.01401458,2014-08-28,08:30:00,EDT,USGS-413516076525401,NWIS-58365681,,,,Chloride,Total,3.0,mg/l,,Accepted,,Actual,,,,,,,,,,"""Analyzed by Seewald Labs, Inc""",99220,,,,,,,,,,,,,,,,,,,,,,,,,,,,,,,,,"Seewald Laboratories, Williamsport, Pennsylvania",,,,,,,,,,,,,,,NWIS
USGS-PA,USGS Pennsylvania Water Science Center,nwispa.01.01401458,2014-08-28,08:30:00,EDT,USGS-413516076525401,NWIS-58790114,,,,Chloride,Dissolved,2.68,mg/l,,Accepted,,Actual,,,,,,,,,,,00940,,,,,,,,,,,,,,,,,,,,,,,,,,,IC022,USGS,"Anions, wf, IC",https://www.nemi.gov/methods/method_summary/5536/,,"Standard Methods (22d ed), 2012, p 4-5 - 4-7","USGS-National Water Quality Lab, Denver, CO",2014-11-14,,,,,,,,https://www.waterqualitydata.us/data/activities/nwispa.01.01401458/results/NWIS-58790114/resdetectqntlmts,,,,,,NWIS